id,nome
1,Cliente 1 Energia Solar
2,Cliente 2 Energia Solar
3,Cliente 3 Energia Solar
4,Cliente 4 Energia Solar
5,Cliente 5 Energia Solar
6,Cliente 6 Energia Solar
7,Cliente 7 Energia Solar
8,Cliente 8 Energia Solar
9,Cliente 9 Energia Solar
10,Cliente 10 Energia Solar
11,Cliente 11 Energia Solar
12,Cliente 12 Energia Solar
13,Cliente 13 Energia Solar
14,Cliente 14 Energia Solar
15,Cliente 15 Energia Solar
16,Cliente 16 Energia Solar
17,Cliente 17 Energia Solar
18,Cliente 18 Energia Solar
19,Cliente 19 Energia Solar
20,Cliente 20 Energia Solar
21,Cliente 21 Energia Solar
22,Cliente 22 Energia Solar
23,Cliente 23 Energia Solar
24,Cliente 24 Energia Solar
25,Cliente 25 Energia Solar
26,Cliente 26 Energia Solar
27,Cliente 27 Energia Solar
28,Cliente 28 Energia Solar
29,Cliente 29 Energia Solar
30,Cliente 30 Energia Solar
31,Cliente 31 Energia Solar
32,Cliente 32 Energia Solar
33,Cliente 33 Energia Solar
34,Cliente 34 Energia Solar
35,Cliente 35 Energia Solar
36,Cliente 36 Energia Solar
37,Cliente 37 Energia Solar
38,Cliente 38 Energia Solar
39,Cliente 39 Energia Solar
40,Cliente 40 Energia Solar
41,Cliente 41 Energia Solar
42,Cliente 42 Energia Solar
43,Cliente 43 Energia Solar
44,Cliente 44 Energia Solar
45,Cliente 45 Energia Solar
46,Cliente 46 Energia Solar
47,Cliente 47 Energia Solar
48,Cliente 48 Energia Solar
49,Cliente 49 Energia Solar
50,Cliente 50 Energia Solar
